{"cameraMode":{"drawMode":0,"name":"Shaded","section":"Shading Mode"},"sceneLighting":false,"audioPlay":false,"sceneViewState":{"showFog":false,"showMaterialUpdate":false,"showSkybox":false,"showFlares":false,"showImageEffects":false,"showParticleSystems":false},"in2DMode":false,"pivot":{"x":4.380061149597168,"y":4.268980026245117,"z":12.190072059631348},"rotation":{"x":0.05813540145754814,"y":0.10611694306135178,"z":-0.006214936729520559,"w":0.992633581161499},"size":6.905467510223389,"orthographic":false}