{"cameraMode":{"drawMode":0,"name":"Shaded","section":"Shading Mode"},"sceneLighting":false,"audioPlay":false,"sceneViewState":{"showFog":false,"showMaterialUpdate":false,"showSkybox":false,"showFlares":false,"showImageEffects":false,"showParticleSystems":false},"in2DMode":false,"pivot":{"x":-8.779999732971192,"y":-2.71606707572937,"z":11.992685317993164},"rotation":{"x":0.05813540145754814,"y":0.10611694306135178,"z":-0.006214936729520559,"w":0.992633581161499},"size":3.54174542427063,"orthographic":false}