{"cameraMode":{"drawMode":0,"name":"Shaded","section":"Shading Mode"},"sceneLighting":true,"audioPlay":false,"sceneViewState":{"showFog":false,"showMaterialUpdate":false,"showSkybox":true,"showFlares":false,"showImageEffects":false,"showParticleSystems":false},"in2DMode":false,"pivot":{"x":-3.927689552307129,"y":-0.3990822434425354,"z":-3.053706407546997},"rotation":{"x":0.17072956264019013,"y":0.1632290780544281,"z":-0.02869224362075329,"w":0.9712826013565064},"size":9.922462463378907,"orthographic":false}