{"cameraMode":{"drawMode":0,"name":"Shaded","section":"Shading Mode"},"sceneLighting":false,"audioPlay":false,"sceneViewState":{"showFog":false,"showMaterialUpdate":false,"showSkybox":false,"showFlares":false,"showImageEffects":false,"showParticleSystems":false},"in2DMode":false,"pivot":{"x":-0.27434277534484866,"y":1.1627188920974732,"z":-0.3735858201980591},"rotation":{"x":-0.02146461047232151,"y":0.9610093832015991,"z":-0.07801248133182526,"w":-0.2644157409667969},"size":1.0883519649505616,"orthographic":false}