{"cameraMode":{"drawMode":0,"name":"Shaded","section":"Shading Mode"},"sceneLighting":true,"audioPlay":false,"sceneViewState":{"showFog":false,"showMaterialUpdate":false,"showSkybox":true,"showFlares":false,"showImageEffects":false,"showParticleSystems":false},"in2DMode":false,"pivot":{"x":7.64429235458374,"y":-7.254130840301514,"z":16.483247756958009},"rotation":{"x":0.21136102080345155,"y":0.1618805229663849,"z":-0.035520751029253009,"w":0.9632580876350403},"size":21.732959747314454,"orthographic":false}